gs://fightornofigt/1.mpg,nofight,0,inf
gs://fightornofigt/10.mpg,nofight,0,inf
gs://fightornofigt/100.mpg,nofight,0,inf
gs://fightornofigt/11.mpg,nofight,0,inf
gs://fightornofigt/12.mpg,nofight,0,inf
gs://fightornofigt/13.mpg,nofight,0,inf
gs://fightornofigt/14.mpg,nofight,0,inf
gs://fightornofigt/15.mpg,nofight,0,inf
gs://fightornofigt/16.mpg,nofight,0,inf
gs://fightornofigt/17.mpg,nofight,0,inf
gs://fightornofigt/18.mpg,nofight,0,inf
gs://fightornofigt/19.mpg,nofight,0,inf
gs://fightornofigt/2.mpg,nofight,0,inf
gs://fightornofigt/20.mpg,nofight,0,inf
gs://fightornofigt/21.mpg,nofight,0,inf
gs://fightornofigt/22.mpg,nofight,0,inf
gs://fightornofigt/23.mpg,nofight,0,inf
gs://fightornofigt/24.mpg,nofight,0,inf
gs://fightornofigt/25.mpg,nofight,0,inf
gs://fightornofigt/26.mpg,nofight,0,inf
gs://fightornofigt/27.mpg,nofight,0,inf
gs://fightornofigt/28.mpg,nofight,0,inf
gs://fightornofigt/29.mpg,nofight,0,inf
gs://fightornofigt/3.mpg,nofight,0,inf
gs://fightornofigt/30.mpg,nofight,0,inf
gs://fightornofigt/31.mpg,nofight,0,inf
gs://fightornofigt/32.mpg,nofight,0,inf
gs://fightornofigt/33.mpg,nofight,0,inf
gs://fightornofigt/34.mpg,nofight,0,inf
gs://fightornofigt/35.mpg,nofight,0,inf
gs://fightornofigt/36.mpg,nofight,0,inf
gs://fightornofigt/37.mpg,nofight,0,inf
gs://fightornofigt/38.mpg,nofight,0,inf
gs://fightornofigt/39.mpg,nofight,0,inf
gs://fightornofigt/4.mpg,nofight,0,inf
gs://fightornofigt/40.mpg,nofight,0,inf
gs://fightornofigt/41.mpg,nofight,0,inf
gs://fightornofigt/42.mpg,nofight,0,inf
gs://fightornofigt/43.mpg,nofight,0,inf
gs://fightornofigt/44.mpg,nofight,0,inf
gs://fightornofigt/45.mpg,nofight,0,inf
gs://fightornofigt/46.mpg,nofight,0,inf
gs://fightornofigt/47.mpg,nofight,0,inf
gs://fightornofigt/48.mpg,nofight,0,inf
gs://fightornofigt/49.mpg,nofight,0,inf
gs://fightornofigt/5.mpg,nofight,0,inf
gs://fightornofigt/50.mpg,nofight,0,inf
gs://fightornofigt/51.mpg,nofight,0,inf
gs://fightornofigt/52.mpg,nofight,0,inf
gs://fightornofigt/53.mpg,nofight,0,inf
gs://fightornofigt/54.mpg,nofight,0,inf
gs://fightornofigt/55.mpg,nofight,0,inf
gs://fightornofigt/56.mpg,nofight,0,inf
gs://fightornofigt/57.mpg,nofight,0,inf
gs://fightornofigt/58.mpg,nofight,0,inf
gs://fightornofigt/59.mpg,nofight,0,inf
gs://fightornofigt/6.mpg,nofight,0,inf
gs://fightornofigt/60.mpg,nofight,0,inf
gs://fightornofigt/61.mpg,nofight,0,inf
gs://fightornofigt/62.mpg,nofight,0,inf
gs://fightornofigt/63.mpg,nofight,0,inf
gs://fightornofigt/64.mpg,nofight,0,inf
gs://fightornofigt/65.mpg,nofight,0,inf
gs://fightornofigt/66.mpg,nofight,0,inf
gs://fightornofigt/67.mpg,nofight,0,inf
gs://fightornofigt/68.mpg,nofight,0,inf
gs://fightornofigt/69.mpg,nofight,0,inf
gs://fightornofigt/7.mpg,nofight,0,inf
gs://fightornofigt/70.mpg,nofight,0,inf
gs://fightornofigt/71.mpg,nofight,0,inf
gs://fightornofigt/newfi1.avi,fight,0,inf
gs://fightornofigt/newfi10.avi,fight,0,inf
gs://fightornofigt/newfi100.avi,fight,0,inf
gs://fightornofigt/newfi11.avi,fight,0,inf
gs://fightornofigt/newfi12.avi,fight,0,inf
gs://fightornofigt/newfi13.avi,fight,0,inf
gs://fightornofigt/newfi14.avi,fight,0,inf
gs://fightornofigt/newfi15.avi,fight,0,inf
gs://fightornofigt/newfi16.avi,fight,0,inf
gs://fightornofigt/newfi17.avi,fight,0,inf
gs://fightornofigt/newfi18.avi,fight,0,inf
gs://fightornofigt/newfi19.avi,fight,0,inf
gs://fightornofigt/newfi2.avi,fight,0,inf
gs://fightornofigt/newfi20.avi,fight,0,inf
gs://fightornofigt/newfi21.avi,fight,0,inf
gs://fightornofigt/newfi22.avi,fight,0,inf
gs://fightornofigt/newfi23.avi,fight,0,inf
gs://fightornofigt/newfi24.avi,fight,0,inf
gs://fightornofigt/newfi25.avi,fight,0,inf
gs://fightornofigt/newfi26.avi,fight,0,inf
gs://fightornofigt/newfi27.avi,fight,0,inf
gs://fightornofigt/newfi28.avi,fight,0,inf
gs://fightornofigt/newfi29.avi,fight,0,inf
gs://fightornofigt/newfi3.avi,fight,0,inf
gs://fightornofigt/newfi30.avi,fight,0,inf
gs://fightornofigt/newfi31.avi,fight,0,inf
gs://fightornofigt/newfi32.avi,fight,0,inf
gs://fightornofigt/newfi33.avi,fight,0,inf
gs://fightornofigt/newfi34.avi,fight,0,inf
gs://fightornofigt/newfi35.avi,fight,0,inf
gs://fightornofigt/newfi36.avi,fight,0,inf
gs://fightornofigt/newfi37.avi,fight,0,inf
gs://fightornofigt/newfi38.avi,fight,0,inf
gs://fightornofigt/newfi39.avi,fight,0,inf
gs://fightornofigt/newfi4.avi,fight,0,inf
gs://fightornofigt/newfi40.avi,fight,0,inf
gs://fightornofigt/newfi41.avi,fight,0,inf
gs://fightornofigt/newfi42.avi,fight,0,inf
gs://fightornofigt/newfi43.avi,fight,0,inf
gs://fightornofigt/newfi44.avi,fight,0,inf
gs://fightornofigt/newfi45.avi,fight,0,inf
gs://fightornofigt/newfi46.avi,fight,0,inf
gs://fightornofigt/newfi47.avi,fight,0,inf
gs://fightornofigt/newfi48.avi,fight,0,inf
gs://fightornofigt/newfi49.avi,fight,0,inf
gs://fightornofigt/newfi5.avi,fight,0,inf
gs://fightornofigt/newfi50.avi,fight,0,inf
gs://fightornofigt/newfi51.avi,fight,0,inf
gs://fightornofigt/newfi52.avi,fight,0,inf
gs://fightornofigt/newfi53.avi,fight,0,inf
gs://fightornofigt/newfi54.avi,fight,0,inf
gs://fightornofigt/newfi55.avi,fight,0,inf
gs://fightornofigt/newfi56.avi,fight,0,inf
gs://fightornofigt/newfi57.avi,fight,0,inf
gs://fightornofigt/newfi58.avi,fight,0,inf
gs://fightornofigt/newfi59.avi,fight,0,inf
gs://fightornofigt/newfi6.avi,fight,0,inf
gs://fightornofigt/newfi60.avi,fight,0,inf
gs://fightornofigt/newfi61.avi,fight,0,inf
gs://fightornofigt/newfi62.avi,fight,0,inf
gs://fightornofigt/newfi63.avi,fight,0,inf
gs://fightornofigt/newfi64.avi,fight,0,inf
gs://fightornofigt/newfi65.avi,fight,0,inf
gs://fightornofigt/newfi66.avi,fight,0,inf
gs://fightornofigt/newfi67.avi,fight,0,inf
gs://fightornofigt/newfi68.avi,fight,0,inf
gs://fightornofigt/newfi69.avi,fight,0,inf
gs://fightornofigt/newfi7.avi,fight,0,inf
gs://fightornofigt/newfi70.avi,fight,0,inf
gs://fightornofigt/newfi71.avi,fight,0,inf
gs://fightornofigt/newfi72.avi,fight,0,inf
gs://fightornofigt/newfi73.avi,fight,0,inf
gs://fightornofigt/newfi74avi.avi,fight,0,inf
gs://fightornofigt/newfi75.avi,fight,0,inf
gs://fightornofigt/newfi76.avi,fight,0,inf
gs://fightornofigt/newfi77.avi,fight,0,inf
gs://fightornofigt/newfi78.avi,fight,0,inf
gs://fightornofigt/newfi79.avi,fight,0,inf
gs://fightornofigt/newfi8.avi,fight,0,inf
gs://fightornofigt/newfi80.avi,fight,0,inf
gs://fightornofigt/newfi81.avi,fight,0,inf
gs://fightornofigt/newfi82.avi,fight,0,inf
gs://fightornofigt/newfi83.avi,fight,0,inf
gs://fightornofigt/newfi84.avi,fight,0,inf
gs://fightornofigt/newfi85.avi,fight,0,inf
gs://fightornofigt/newfi86.avi,fight,0,inf
gs://fightornofigt/newfi87.avi,fight,0,inf
gs://fightornofigt/newfi88.avi,fight,0,inf
gs://fightornofigt/newfi89.avi,fight,0,inf
gs://fightornofigt/newfi9.avi,fight,0,inf
